<?xml version="1.0" encoding="UTF-8"?>
<metadata xml:lang="pt"><Esri><CreaDate>20140923</CreaDate><CreaTime>16231700</CreaTime><ArcGISFormat>1.0</ArcGISFormat><SyncOnce>FALSE</SyncOnce><DataProperties><lineage><Process ToolSource="c:\program files (x86)\arcgis\desktop10.2\ArcToolbox\Toolboxes\Data Management Tools.tbx\AddField" Date="20140729" Time="110441">AddField C:/Acesso_livre/Proj_SC/portugues/Censo_Brasil.gdb\FE_RESPONSAVEL_RENDA CD_GEOCODI String 0 0 20 "Código do Setor Censitário" NULLABLE NON_REQUIRED #</Process><Process ToolSource="c:\program files (x86)\arcgis\desktop10.2\ArcToolbox\Toolboxes\Data Management Tools.tbx\AddField" Date="20140729" Time="110442">AddField C:/Acesso_livre/Proj_SC/portugues/Censo_Brasil.gdb\FE_RESPONSAVEL_RENDA AREA_URBANA SmallInteger 0 0 2 "Área Urbana" NULLABLE NON_REQUIRED #</Process><Process ToolSource="c:\program files (x86)\arcgis\desktop10.2\ArcToolbox\Toolboxes\Data Management Tools.tbx\AddField" Date="20140729" Time="110443">AddField C:/Acesso_livre/Proj_SC/portugues/Censo_Brasil.gdb\FE_RESPONSAVEL_RENDA SITUACAO_SETOR SmallInteger 0 0 2 "Situação do Setor Censitário" NULLABLE NON_REQUIRED SITUACAO_SETOR</Process><Process ToolSource="c:\program files (x86)\arcgis\desktop10.2\ArcToolbox\Toolboxes\Data Management Tools.tbx\AddField" Date="20140729" Time="110445">AddField C:/Acesso_livre/Proj_SC/portugues/Censo_Brasil.gdb\FE_RESPONSAVEL_RENDA CD_GEOCODB String 0 0 20 "Código do Bairro" NULLABLE NON_REQUIRED #</Process><Process ToolSource="c:\program files (x86)\arcgis\desktop10.2\ArcToolbox\Toolboxes\Data Management Tools.tbx\AddField" Date="20140729" Time="110446">AddField C:/Acesso_livre/Proj_SC/portugues/Censo_Brasil.gdb\FE_RESPONSAVEL_RENDA NM_BAIRRO String 0 0 72 "Nome do Bairro" NULLABLE NON_REQUIRED #</Process><Process ToolSource="c:\program files (x86)\arcgis\desktop10.2\ArcToolbox\Toolboxes\Data Management Tools.tbx\AddField" Date="20140729" Time="110447">AddField C:/Acesso_livre/Proj_SC/portugues/Censo_Brasil.gdb\FE_RESPONSAVEL_RENDA CD_GEOCODS String 0 0 20 "Código do SubDistrito" NULLABLE NON_REQUIRED #</Process><Process ToolSource="c:\program files (x86)\arcgis\desktop10.2\ArcToolbox\Toolboxes\Data Management Tools.tbx\AddField" Date="20140729" Time="110448">AddField C:/Acesso_livre/Proj_SC/portugues/Censo_Brasil.gdb\FE_RESPONSAVEL_RENDA NM_SUBDIST String 0 0 72 "Nome do SubDistrito" NULLABLE NON_REQUIRED #</Process><Process ToolSource="c:\program files (x86)\arcgis\desktop10.2\ArcToolbox\Toolboxes\Data Management Tools.tbx\AddField" Date="20140729" Time="110449">AddField C:/Acesso_livre/Proj_SC/portugues/Censo_Brasil.gdb\FE_RESPONSAVEL_RENDA CD_GEOCODD String 0 0 20 "Código do Distrito" NULLABLE NON_REQUIRED #</Process><Process ToolSource="c:\program files (x86)\arcgis\desktop10.2\ArcToolbox\Toolboxes\Data Management Tools.tbx\AddField" Date="20140729" Time="110451">AddField C:/Acesso_livre/Proj_SC/portugues/Censo_Brasil.gdb\FE_RESPONSAVEL_RENDA NM_DISTRIT String 0 0 72 "Nome do Distrito" NULLABLE NON_REQUIRED #</Process><Process ToolSource="c:\program files (x86)\arcgis\desktop10.2\ArcToolbox\Toolboxes\Data Management Tools.tbx\AddField" Date="20140729" Time="110452">AddField C:/Acesso_livre/Proj_SC/portugues/Censo_Brasil.gdb\FE_RESPONSAVEL_RENDA NM_MUNICIP String 0 0 72 "Nome do Município" NULLABLE NON_REQUIRED #</Process><Process ToolSource="c:\program files (x86)\arcgis\desktop10.2\ArcToolbox\Toolboxes\Data Management Tools.tbx\AddField" Date="20140729" Time="110453">AddField C:/Acesso_livre/Proj_SC/portugues/Censo_Brasil.gdb\FE_RESPONSAVEL_RENDA CD_GEOCODM String 0 0 20 "Código do Município IBGE" NULLABLE NON_REQUIRED #</Process><Process ToolSource="c:\program files (x86)\arcgis\desktop10.2\ArcToolbox\Toolboxes\Data Management Tools.tbx\AddField" Date="20140729" Time="110454">AddField C:/Acesso_livre/Proj_SC/portugues/Censo_Brasil.gdb\FE_RESPONSAVEL_RENDA NM_MESO String 0 0 100 "Nome da Mesoregião" NULLABLE NON_REQUIRED #</Process><Process ToolSource="c:\program files (x86)\arcgis\desktop10.2\ArcToolbox\Toolboxes\Data Management Tools.tbx\AddField" Date="20140729" Time="110456">AddField C:/Acesso_livre/Proj_SC/portugues/Censo_Brasil.gdb\FE_RESPONSAVEL_RENDA NM_MICRO String 0 0 100 "Nome da Microregião" NULLABLE NON_REQUIRED #</Process><Process ToolSource="c:\program files (x86)\arcgis\desktop10.2\ArcToolbox\Toolboxes\Data Management Tools.tbx\AddField" Date="20140729" Time="110457">AddField C:/Acesso_livre/Proj_SC/portugues/Censo_Brasil.gdb\FE_RESPONSAVEL_RENDA COD_MUN String 0 0 6 "Código do Município" NULLABLE NON_REQUIRED #</Process><Process ToolSource="c:\program files (x86)\arcgis\desktop10.2\ArcToolbox\Toolboxes\Data Management Tools.tbx\AddField" Date="20140729" Time="110458">AddField C:/Acesso_livre/Proj_SC/portugues/Censo_Brasil.gdb\FE_RESPONSAVEL_RENDA AREA_KM2 DOUBLE 0 0 8 "Área em quilometro quadrado" NULLABLE NON_REQUIRED #</Process><Process ToolSource="c:\program files (x86)\arcgis\desktop10.2\ArcToolbox\Toolboxes\Data Management Tools.tbx\AddField" Date="20140729" Time="110500">AddField C:/Acesso_livre/Proj_SC/portugues/Censo_Brasil.gdb\FE_RESPONSAVEL_RENDA AREA_M2 DOUBLE 0 0 8 "Área em metro quadrado" NULLABLE NON_REQUIRED #</Process><Process ToolSource="c:\program files (x86)\arcgis\desktop10.2\ArcToolbox\Toolboxes\Data Management Tools.tbx\AddField" Date="20140729" Time="110501">AddField C:/Acesso_livre/Proj_SC/portugues/Censo_Brasil.gdb\FE_RESPONSAVEL_RENDA RES_REN_V003 Integer 0 0 4 "Pessoas responsáveis com rendimento mensal de mais de 1 a 2 SM (2010)" NULLABLE NON_REQUIRED #</Process><Process ToolSource="c:\program files (x86)\arcgis\desktop10.2\ArcToolbox\Toolboxes\Data Management Tools.tbx\AddField" Date="20140729" Time="110502">AddField C:/Acesso_livre/Proj_SC/portugues/Censo_Brasil.gdb\FE_RESPONSAVEL_RENDA RES_REN_V004 Integer 0 0 4 "Pessoas responsáveis com rendimento nominal mensal de mais de 2 a 3 SM (2010)" NULLABLE NON_REQUIRED #</Process><Process ToolSource="c:\program files (x86)\arcgis\desktop10.2\ArcToolbox\Toolboxes\Data Management Tools.tbx\AddField" Date="20140729" Time="110503">AddField C:/Acesso_livre/Proj_SC/portugues/Censo_Brasil.gdb\FE_RESPONSAVEL_RENDA RES_REN_V005 Integer 0 0 4 "Pessoas responsáveis com rendimento nominal mensal de mais de 3 a 5 SM (2010)" NULLABLE NON_REQUIRED #</Process><Process ToolSource="c:\program files (x86)\arcgis\desktop10.2\ArcToolbox\Toolboxes\Data Management Tools.tbx\AddField" Date="20140729" Time="110505">AddField C:/Acesso_livre/Proj_SC/portugues/Censo_Brasil.gdb\FE_RESPONSAVEL_RENDA RES_REN_V006 Integer 0 0 4 "Pessoas responsáveis com rendimento mensal de mais de 5 a 10 SM (2010)" NULLABLE NON_REQUIRED #</Process><Process ToolSource="c:\program files (x86)\arcgis\desktop10.2\ArcToolbox\Toolboxes\Data Management Tools.tbx\AddField" Date="20140729" Time="110506">AddField C:/Acesso_livre/Proj_SC/portugues/Censo_Brasil.gdb\FE_RESPONSAVEL_RENDA RES_REN_V020 Integer 0 0 4 "Pessoas responsáveis com ou sem rendimento (2010)" NULLABLE NON_REQUIRED #</Process><Process ToolSource="c:\program files (x86)\arcgis\desktop10.2\ArcToolbox\Toolboxes\Data Management Tools.tbx\AddField" Date="20140729" Time="110507">AddField C:/Acesso_livre/Proj_SC/portugues/Censo_Brasil.gdb\FE_RESPONSAVEL_RENDA RESREN_AGP_1 Integer 0 0 4 "Pessoas sem rendimento mensal ou com rendimento mensal de até 1 SM (2010)" NULLABLE NON_REQUIRED #</Process><Process ToolSource="c:\program files (x86)\arcgis\desktop10.2\ArcToolbox\Toolboxes\Data Management Tools.tbx\AddField" Date="20140729" Time="110509">AddField C:/Acesso_livre/Proj_SC/portugues/Censo_Brasil.gdb\FE_RESPONSAVEL_RENDA RESREN_AGP_2 Integer 0 0 4 "Pessoas responsáveis com rendimento mensal de mais de 10 SM (2010)" NULLABLE NON_REQUIRED #</Process><Process ToolSource="c:\program files (x86)\arcgis\desktop10.2\ArcToolbox\Toolboxes\Analysis Tools.tbx\Erase" Date="20140905" Time="164155">Erase Censo_Sao_Paulo Censo_Leste_Merge C:\Users\dbenatti\Documents\ArcGIS\Default.gdb\Censo_Sao_Paulo_Erase #</Process><Process ToolSource="c:\program files (x86)\arcgis\desktop10.2\ArcToolbox\Toolboxes\Data Management Tools.tbx\DeleteField" Date="20140905" Time="165009">DeleteField Export_Output CD_GEOCODI;AREA_URBANA;SITUACAO_SETOR;CD_GEOCODB;NM_BAIRRO;CD_GEOCODS;NM_SUBDIST;CD_GEOCODD;NM_DISTRIT;AREA_KM2;AREA_M2;RES_REN_V003;RES_REN_V004;RES_REN_V005;RES_REN_V006;RES_REN_V020;RESREN_AGP_1;RESREN_AGP_2</Process><Process ToolSource="c:\program files (x86)\arcgis\desktop10.2\ArcToolbox\Toolboxes\Data Management Tools.tbx\Merge" Date="20140905" Time="174431">Merge Zona_Norte;Zona_Sul;Zona_Oeste;Zona_Leste;Zona_Central C:\Acesso_Livre\Recursos_Hidricos\Dados_Recurso\WGS\LAUC\LAUC.gdb\Regiao_Administrativa "OBJECTID "OBJECTID" true true false 9 Long 0 9 ,First,#,Zona_Norte,OBJECTID,-1,-1,Zona_Sul,OBJECTID,-1,-1,Zona_Oeste,OBJECTID,-1,-1,Zona_Leste,OBJECTID,-1,-1,Zona_Central,OBJECTID,-1,-1;NM_MUNICIP "NM_MUNICIP" true true false 72 Text 0 0 ,First,#,Zona_Norte,NM_MUNICIP,-1,-1,Zona_Sul,NM_MUNICIP,-1,-1,Zona_Oeste,NM_MUNICIP,-1,-1,Zona_Leste,NM_MUNICIP,-1,-1,Zona_Central,NM_MUNICIP,-1,-1;CD_GEOCODM "CD_GEOCODM" true true false 20 Text 0 0 ,First,#,Zona_Norte,CD_GEOCODM,-1,-1,Zona_Sul,CD_GEOCODM,-1,-1,Zona_Oeste,CD_GEOCODM,-1,-1,Zona_Leste,CD_GEOCODM,-1,-1,Zona_Central,CD_GEOCODM,-1,-1;NM_MESO "NM_MESO" true true false 100 Text 0 0 ,First,#,Zona_Norte,NM_MESO,-1,-1,Zona_Sul,NM_MESO,-1,-1,Zona_Oeste,NM_MESO,-1,-1,Zona_Leste,NM_MESO,-1,-1,Zona_Central,NM_MESO,-1,-1;NM_MICRO "NM_MICRO" true true false 100 Text 0 0 ,First,#,Zona_Norte,NM_MICRO,-1,-1,Zona_Sul,NM_MICRO,-1,-1,Zona_Oeste,NM_MICRO,-1,-1,Zona_Leste,NM_MICRO,-1,-1,Zona_Central,NM_MICRO,-1,-1;COD_MUN "COD_MUN" true true false 6 Text 0 0 ,First,#,Zona_Norte,COD_MUN,-1,-1,Zona_Sul,COD_MUN,-1,-1,Zona_Oeste,COD_MUN,-1,-1,Zona_Leste,COD_MUN,-1,-1,Zona_Central,COD_MUN,-1,-1;SHAPE_Leng "SHAPE_Leng" true true false 19 Double 0 0 ,First,#,Zona_Norte,SHAPE_Leng,-1,-1,Zona_Sul,SHAPE_Leng,-1,-1,Zona_Oeste,SHAPE_Leng,-1,-1,Zona_Leste,SHAPE_Leng,-1,-1,Zona_Central,SHAPE_Leng,-1,-1;SHAPE_Area "SHAPE_Area" true true false 19 Double 0 0 ,First,#,Zona_Norte,SHAPE_Area,-1,-1,Zona_Sul,SHAPE_Area,-1,-1,Zona_Oeste,SHAPE_Area,-1,-1,Zona_Leste,SHAPE_Area,-1,-1,Zona_Central,SHAPE_Area,-1,-1;MAIS_10SM "MAIS_10SM" true true false 9 Long 0 9 ,First,#,Zona_Norte,MAIS_10SM,-1,-1,Zona_Sul,MAIS_10SM,-1,-1,Zona_Oeste,MAIS_10SM,-1,-1,Zona_Leste,MAIS_10SM,-1,-1,Zona_Central,MAIS_10SM,-1,-1;MENOS_1SM "MENOS_1SM" true true false 9 Long 0 9 ,First,#,Zona_Norte,MENOS_1SM,-1,-1,Zona_Sul,MENOS_1SM,-1,-1,Zona_Oeste,MENOS_1SM,-1,-1,Zona_Leste,MENOS_1SM,-1,-1,Zona_Central,MENOS_1SM,-1,-1;DE_1_2SM "DE_1_2SM" true true false 9 Long 0 9 ,First,#,Zona_Norte,DE_1_2SM,-1,-1,Zona_Sul,DE_1_2SM,-1,-1,Zona_Oeste,DE_1_2SM,-1,-1,Zona_Leste,DE_1_2SM,-1,-1,Zona_Central,DE_1_2SM,-1,-1;REGIONAL "REGIONAL" true true false 10 Text 0 0 ,First,#,Zona_Norte,REGIONAL,-1,-1,Zona_Sul,REGIONAL,-1,-1,Zona_Oeste,REGIONAL,-1,-1,Zona_Leste,REGIONAL,-1,-1,Zona_Central,REGIONAL,-1,-1;Dias_Fal "Dias_Fal" true true false 4 Short 0 4 ,First,#,Zona_Norte,Dias_Fal,-1,-1,Zona_Sul,Dias_Fal,-1,-1,Zona_Oeste,Dias_Fal,-1,-1,Zona_Leste,Dias_Fal,-1,-1,Zona_Central,Dias_Fal,-1,-1;Z_Oeste "Z_Oeste" true true false 4 Short 0 4 ,First,#,Zona_Norte,Z_Oeste,-1,-1,Zona_Sul,Z_Oeste,-1,-1,Zona_Oeste,Z_Oeste,-1,-1,Zona_Leste,Z_Oeste,-1,-1,Zona_Central,Z_Oeste,-1,-1;Z_Norte "Z_Norte" true true false 4 Short 0 4 ,First,#,Zona_Norte,Z_Norte,-1,-1,Zona_Sul,Z_Norte,-1,-1,Zona_Oeste,Z_Norte,-1,-1,Zona_Leste,Z_Norte,-1,-1,Zona_Central,Z_Norte,-1,-1;Z_Sul "Z_Sul" true true false 4 Short 0 4 ,First,#,Zona_Norte,Z_Sul,-1,-1,Zona_Sul,Z_Sul,-1,-1,Zona_Oeste,Z_Sul,-1,-1,Zona_Leste,Z_Sul,-1,-1,Zona_Central,Z_Sul,-1,-1;Z_Leste "Z_Leste" true true false 4 Short 0 4 ,First,#,Zona_Norte,Z_Leste,-1,-1,Zona_Sul,Z_Leste,-1,-1,Zona_Oeste,Z_Leste,-1,-1,Zona_Leste,Z_Leste,-1,-1,Zona_Central,Z_Leste,-1,-1;Centro "Centro" true true false 4 Short 0 4 ,First,#,Zona_Norte,Centro,-1,-1,Zona_Sul,Centro,-1,-1,Zona_Oeste,Centro,-1,-1,Zona_Leste,Centro,-1,-1,Zona_Central,Centro,-1,-1;DE_2_3 "DE_2_3" true true false 9 Long 0 9 ,First,#,Zona_Norte,DE_2_3,-1,-1,Zona_Sul,DE_2_3,-1,-1,Zona_Oeste,DE_2_3,-1,-1,Zona_Leste,DE_2_3,-1,-1,Zona_Central,DE_2_3,-1,-1;DE_3_5SM "DE_3_5SM" true true false 9 Long 0 9 ,First,#,Zona_Norte,DE_3_5SM,-1,-1,Zona_Sul,DE_3_5SM,-1,-1,Zona_Oeste,DE_3_5SM,-1,-1,Zona_Leste,DE_3_5SM,-1,-1,Zona_Central,DE_3_5SM,-1,-1;DE_5_10SM "DE_5_10SM" true true false 9 Long 0 9 ,First,#,Zona_Norte,DE_5_10SM,-1,-1,Zona_Sul,DE_5_10SM,-1,-1,Zona_Oeste,DE_5_10SM,-1,-1,Zona_Leste,DE_5_10SM,-1,-1,Zona_Central,DE_5_10SM,-1,-1;UBS "UBS" true true false 4 Short 0 4 ,First,#,Zona_Norte,UBS,-1,-1,Zona_Sul,UBS,-1,-1,Zona_Oeste,UBS,-1,-1,Zona_Leste,UBS,-1,-1,Zona_Central,UBS,-1,-1;HOSP "HOSP" true true false 4 Short 0 4 ,First,#,Zona_Norte,HOSP,-1,-1,Zona_Sul,HOSP,-1,-1,Zona_Oeste,HOSP,-1,-1,Zona_Leste,HOSP,-1,-1,Zona_Central,HOSP,-1,-1"</Process><Process ToolSource="c:\program files (x86)\arcgis\desktop10.2\ArcToolbox\Toolboxes\Data Management Tools.tbx\CalculateField" Date="20140909" Time="102113">CalculateField Regiao_Administrativa Hospitais [HOSP] VB #</Process><Process ToolSource="c:\program files (x86)\arcgis\desktop10.2\ArcToolbox\Toolboxes\Data Management Tools.tbx\CalculateField" Date="20140909" Time="102341">CalculateField Regiao_Administrativa F1sm [MENOS_1SM] VB #</Process><Process ToolSource="c:\program files (x86)\arcgis\desktop10.2\ArcToolbox\Toolboxes\Data Management Tools.tbx\CalculateField" Date="20140909" Time="102520">CalculateField Regiao_Administrativa Até_1SM [F1sm] VB #</Process><Process ToolSource="c:\program files (x86)\arcgis\desktop10.2\ArcToolbox\Toolboxes\Data Management Tools.tbx\CalculateField" Date="20140909" Time="102529">CalculateField Regiao_Administrativa Até_1SM [F1sm] VB #</Process><Process ToolSource="c:\program files (x86)\arcgis\desktop10.2\ArcToolbox\Toolboxes\Data Management Tools.tbx\CalculateField" Date="20140909" Time="104709">CalculateField Regiao_Administrativa Até_1SM [F1sm] VB #</Process><Process ToolSource="c:\program files (x86)\arcgis\desktop10.2\ArcToolbox\Toolboxes\Data Management Tools.tbx\CalculateField" Date="20140909" Time="104733">CalculateField Regiao_Administrativa Até_1SM [F1sm] VB #</Process><Process ToolSource="c:\program files (x86)\arcgis\desktop10.2\ArcToolbox\Toolboxes\Data Management Tools.tbx\CalculateField" Date="20140909" Time="104834">CalculateField Regiao_Administrativa Até_1SM [F1sm] VB #</Process><Process ToolSource="c:\program files (x86)\arcgis\desktop10.2\ArcToolbox\Toolboxes\Data Management Tools.tbx\CalculateField" Date="20140909" Time="104857">CalculateField Regiao_Administrativa Até_1SM [F1sm] VB #</Process><Process ToolSource="c:\program files (x86)\arcgis\desktop10.2\ArcToolbox\Toolboxes\Data Management Tools.tbx\CalculateField" Date="20140909" Time="104928">CalculateField Regiao_Administrativa De_2_a_3_SM [DE_2_3] VB #</Process><Process ToolSource="c:\program files (x86)\arcgis\desktop10.2\ArcToolbox\Toolboxes\Data Management Tools.tbx\CalculateField" Date="20140909" Time="105009">CalculateField Regiao_Administrativa De_3_a_5_SM [DE_3_5SM] VB #</Process><Process ToolSource="c:\program files (x86)\arcgis\desktop10.2\ArcToolbox\Toolboxes\Data Management Tools.tbx\CalculateField" Date="20140909" Time="105035">CalculateField Regiao_Administrativa De_5_a_10_SM [DE_5_10SM] VB #</Process><Process ToolSource="c:\program files (x86)\arcgis\desktop10.2\ArcToolbox\Toolboxes\Data Management Tools.tbx\CalculateField" Date="20140909" Time="105117">CalculateField Regiao_Administrativa De_1_a_2_SM [DE_1_2SM] VB #</Process><Process ToolSource="c:\program files (x86)\arcgis\desktop10.2\ArcToolbox\Toolboxes\Data Management Tools.tbx\CalculateField" Date="20140909" Time="105145">CalculateField Regiao_Administrativa Acima_de_10_SM [MAIS_10SM] VB #</Process><Process ToolSource="c:\program files (x86)\arcgis\desktop10.2\ArcToolbox\Toolboxes\Data Management Tools.tbx\CalculateField" Date="20140909" Time="105223">CalculateField Regiao_Administrativa População [Pes_14] VB #</Process><Process ToolSource="c:\program files (x86)\arcgis\desktop10.2\ArcToolbox\Toolboxes\Data Management Tools.tbx\CalculateField" Date="20140909" Time="153736">CalculateField Regiao_Administrativa Acima_10SM [Acima_de_1] VB #</Process><Process ToolSource="c:\program files (x86)\arcgis\desktop10.2\ArcToolbox\Toolboxes\Data Management Tools.tbx\CalculateField" Date="20140909" Time="163846">CalculateField Regiao_Administrativa De_2_a_3SM [De_2_a_3_S] VB #</Process><Process ToolSource="c:\program files (x86)\arcgis\desktop10.2\ArcToolbox\Toolboxes\Data Management Tools.tbx\CalculateField" Date="20140909" Time="163909">CalculateField Regiao_Administrativa De_3_a_5SM [De_3_a_5_S] VB #</Process><Process ToolSource="c:\program files (x86)\arcgis\desktop10.2\ArcToolbox\Toolboxes\Data Management Tools.tbx\CalculateField" Date="20140909" Time="163929">CalculateField Regiao_Administrativa De_5_10SM [De_5_a_10_] VB #</Process><Process ToolSource="c:\program files (x86)\arcgis\desktop10.2\ArcToolbox\Toolboxes\Data Management Tools.tbx\CalculateField" Date="20140909" Time="163958">CalculateField Regiao_Administrativa De_1_a_2SM [De_1_a_2_S] VB #</Process><Process ToolSource="c:\program files (x86)\arcgis\desktop10.2\ArcToolbox\Toolboxes\Data Management Tools.tbx\CalculateField" Date="20140909" Time="164015">CalculateField Regiao_Administrativa De_2_a_3SM [De_2_a_3_S] VB #</Process><Process ToolSource="c:\program files (x86)\arcgis\desktop10.2\ArcToolbox\Toolboxes\Data Management Tools.tbx\CalculateField" Date="20140909" Time="164034">CalculateField Regiao_Administrativa De_3_a_5SM [De_3_a_5_S] VB #</Process><Process ToolSource="c:\program files (x86)\arcgis\desktop10.2\ArcToolbox\Toolboxes\Data Management Tools.tbx\CalculateField" Date="20140923" Time="140013">CalculateField Regiao_Administrativa Esc_As "[Às_vezes]/ [População]*1000" VB #</Process><Process ToolSource="c:\program files (x86)\arcgis\desktop10.2\ArcToolbox\Toolboxes\Data Management Tools.tbx\CalculateField" Date="20140923" Time="140051">CalculateField Regiao_Administrativa Esc_As ([Às_vezes]/ [População])*1000 VB #</Process><Process ToolSource="c:\program files (x86)\arcgis\desktop10.2\ArcToolbox\Toolboxes\Data Management Tools.tbx\CalculateField" Date="20140923" Time="140130">CalculateField Regiao_Administrativa Esc_M ( [Muitas_vez] / [População])*1000 VB #</Process><Process ToolSource="c:\program files (x86)\arcgis\desktop10.2\ArcToolbox\Toolboxes\Data Management Tools.tbx\CalculateField" Date="20140923" Time="140216">CalculateField Regiao_Administrativa Esc_Qu ( [Quase] / [População])*1000 VB #</Process><Process ToolSource="c:\program files (x86)\arcgis\desktop10.2\ArcToolbox\Toolboxes\Data Management Tools.tbx\CalculateField" Date="20140923" Time="140235">CalculateField Regiao_Administrativa Esc_As ( [Quase] / [População])*10000 VB #</Process><Process ToolSource="c:\program files (x86)\arcgis\desktop10.2\ArcToolbox\Toolboxes\Data Management Tools.tbx\CalculateField" Date="20140923" Time="140245">CalculateField Regiao_Administrativa Esc_As ( [Quase] / [População])*100000 VB #</Process><Process ToolSource="c:\program files (x86)\arcgis\desktop10.2\ArcToolbox\Toolboxes\Data Management Tools.tbx\CalculateField" Date="20140923" Time="140255">CalculateField Regiao_Administrativa Esc_M ( [Quase] / [População])*100000 VB #</Process><Process ToolSource="c:\program files (x86)\arcgis\desktop10.2\ArcToolbox\Toolboxes\Data Management Tools.tbx\CalculateField" Date="20140923" Time="140258">CalculateField Regiao_Administrativa Esc_Qu ( [Quase] / [População])*100000 VB #</Process><Process ToolSource="c:\program files (x86)\arcgis\desktop10.2\ArcToolbox\Toolboxes\Data Management Tools.tbx\CalculateField" Date="20140923" Time="140605">CalculateField Regiao_Administrativa Esc_Qu ( [Quase] / [População])*100000 VB #</Process><Process ToolSource="c:\program files (x86)\arcgis\desktop10.2\ArcToolbox\Toolboxes\Data Management Tools.tbx\CalculateField" Date="20140923" Time="140617">CalculateField Regiao_Administrativa Esc_As ( [Às_vezes] / [População])*100000 VB #</Process><Process ToolSource="c:\program files (x86)\arcgis\desktop10.2\ArcToolbox\Toolboxes\Data Management Tools.tbx\CalculateField" Date="20140923" Time="140630">CalculateField Regiao_Administrativa Esc_M ( [Muitas_vez] / [População])*100000 VB #</Process><Process ToolSource="c:\program files (x86)\arcgis\desktop10.2\ArcToolbox\Toolboxes\Data Management Tools.tbx\CalculateField" Date="20140923" Time="140702">CalculateField Regiao_Administrativa Esc_Qu ( [Quase] / [População])*100000 VB #</Process><Process ToolSource="c:\program files (x86)\arcgis\desktop10.2\ArcToolbox\Toolboxes\Data Management Tools.tbx\CalculateField" Date="20140923" Time="140707">CalculateField Regiao_Administrativa Esc_Qu ( [Quase] / [População])*100000 VB #</Process><Process ToolSource="c:\program files (x86)\arcgis\desktop10.2\ArcToolbox\Toolboxes\Data Management Tools.tbx\CalculateField" Date="20140923" Time="140721">CalculateField Regiao_Administrativa Esc_M ( [Muitas_vez] / [População])*100000 VB #</Process><Process ToolSource="c:\program files (x86)\arcgis\desktop10.2\ArcToolbox\Toolboxes\Data Management Tools.tbx\CalculateField" Date="20140923" Time="140729">CalculateField Regiao_Administrativa Esc_As ( [Às_vezes] / [População])*100000 VB #</Process><Process ToolSource="c:\program files (x86)\arcgis\desktop10.2\ArcToolbox\Toolboxes\Data Management Tools.tbx\CalculateField" Date="20140923" Time="141517">CalculateField Regiao_Administrativa Z_Norte 62 VB #</Process><Process ToolSource="c:\program files (x86)\arcgis\desktop10.2\ArcToolbox\Toolboxes\Data Management Tools.tbx\CalculateField" Date="20140923" Time="141522">CalculateField Regiao_Administrativa Z_Leste 71 VB #</Process><Process ToolSource="c:\program files (x86)\arcgis\desktop10.2\ArcToolbox\Toolboxes\Data Management Tools.tbx\CalculateField" Date="20140923" Time="141628">CalculateField Regiao_Administrativa Z_Oeste 67 VB #</Process><Process ToolSource="c:\program files (x86)\arcgis\desktop10.2\ArcToolbox\Toolboxes\Data Management Tools.tbx\CalculateField" Date="20140923" Time="141730">CalculateField Regiao_Administrativa Z_Sul 68 VB #</Process><Process ToolSource="c:\program files (x86)\arcgis\desktop10.2\ArcToolbox\Toolboxes\Data Management Tools.tbx\CalculateField" Date="20140923" Time="141839">CalculateField Regiao_Administrativa Centro 32 VB #</Process></lineage><itemProps><itemLocation><linkage Sync="TRUE">file://\\NOTE-IMG204\Acesso_Livre\Conteudo_Geo\Cartografia_Basica\Regiao_Administrativa</linkage><protocol Sync="TRUE">Local Area Network</protocol></itemLocation><itemName Sync="TRUE">Regiao_Administrativa</itemName><imsContentType Sync="TRUE">002</imsContentType></itemProps><coordRef><type Sync="TRUE">Geographic</type><geogcsn Sync="TRUE">GCS_WGS_1984</geogcsn><csUnits Sync="TRUE">Angular Unit: Degree (0.017453)</csUnits><peXml Sync="TRUE">&lt;GeographicCoordinateSystem xsi:type='typens:GeographicCoordinateSystem' xmlns:xsi='http://www.w3.org/2001/XMLSchema-instance' xmlns:xs='http://www.w3.org/2001/XMLSchema' xmlns:typens='http://www.esri.com/schemas/ArcGIS/10.1'&gt;&lt;WKT&gt;GEOGCS[&amp;quot;GCS_WGS_1984&amp;quot;,DATUM[&amp;quot;D_WGS_1984&amp;quot;,SPHEROID[&amp;quot;WGS_1984&amp;quot;,6378137.0,298.257223563]],PRIMEM[&amp;quot;Greenwich&amp;quot;,0.0],UNIT[&amp;quot;Degree&amp;quot;,0.0174532925199433],AUTHORITY[&amp;quot;EPSG&amp;quot;,4326]]&lt;/WKT&gt;&lt;XOrigin&gt;-400&lt;/XOrigin&gt;&lt;YOrigin&gt;-400&lt;/YOrigin&gt;&lt;XYScale&gt;1111948722.2222221&lt;/XYScale&gt;&lt;ZOrigin&gt;-100000&lt;/ZOrigin&gt;&lt;ZScale&gt;10000&lt;/ZScale&gt;&lt;MOrigin&gt;-100000&lt;/MOrigin&gt;&lt;MScale&gt;10000&lt;/MScale&gt;&lt;XYTolerance&gt;8.983152841195215e-009&lt;/XYTolerance&gt;&lt;ZTolerance&gt;0.001&lt;/ZTolerance&gt;&lt;MTolerance&gt;0.001&lt;/MTolerance&gt;&lt;HighPrecision&gt;true&lt;/HighPrecision&gt;&lt;LeftLongitude&gt;-180&lt;/LeftLongitude&gt;&lt;WKID&gt;4326&lt;/WKID&gt;&lt;LatestWKID&gt;4326&lt;/LatestWKID&gt;&lt;/GeographicCoordinateSystem&gt;</peXml></coordRef><copyHistory><copy source="C:\Conteudo_Geo\Recursos_Hidricos\Regiao_Administrativa" dest="\\NOTE-IMG204\Acesso_Livre\Conteudo_Geo\Cartografia_Basica\Regiao_Administrativa" date="20140923" time="16231700"></copy></copyHistory></DataProperties><SyncDate>20140905</SyncDate><SyncTime>17443100</SyncTime><ModDate>20140905</ModDate><ModTime>17443100</ModTime></Esri><dataIdInfo><envirDesc Sync="TRUE"> Version 6.2 (Build 9200) ; Esri ArcGIS 10.2.0.3348</envirDesc><dataLang><languageCode value="por" Sync="TRUE"></languageCode><countryCode value="BRA" Sync="TRUE"></countryCode></dataLang><idCitation><resTitle Sync="TRUE">Regiao_Administrativa</resTitle><presForm><PresFormCd value="005" Sync="TRUE"></PresFormCd></presForm></idCitation><spatRpType><SpatRepTypCd value="001" Sync="TRUE"></SpatRepTypCd></spatRpType></dataIdInfo><mdLang><languageCode value="por" Sync="TRUE"></languageCode><countryCode value="BRA" Sync="TRUE"></countryCode></mdLang><distInfo><distFormat><formatName Sync="TRUE">File Geodatabase Feature Class</formatName></distFormat></distInfo><mdHrLv><ScopeCd value="005" Sync="TRUE"></ScopeCd></mdHrLv><mdHrLvName Sync="TRUE">dataset</mdHrLvName><refSysInfo><RefSystem><refSysID><identCode code="4326" Sync="TRUE"></identCode><idCodeSpace Sync="TRUE">EPSG</idCodeSpace><idVersion Sync="TRUE">8.1.1</idVersion></refSysID></RefSystem></refSysInfo><spatRepInfo><VectSpatRep><geometObjs Name="Regiao_Administrativa"><geoObjTyp><GeoObjTypCd value="002" Sync="TRUE"></GeoObjTypCd></geoObjTyp><geoObjCnt Sync="TRUE">0</geoObjCnt></geometObjs><topLvl><TopoLevCd value="001" Sync="TRUE"></TopoLevCd></topLvl></VectSpatRep></spatRepInfo><spdoinfo><ptvctinf><esriterm Name="Regiao_Administrativa"><efeatyp Sync="TRUE">Simple</efeatyp><efeageom code="4" Sync="TRUE"></efeageom><esritopo Sync="TRUE">FALSE</esritopo><efeacnt Sync="TRUE">0</efeacnt><spindex Sync="TRUE">TRUE</spindex><linrefer Sync="TRUE">FALSE</linrefer></esriterm></ptvctinf></spdoinfo><eainfo><detailed Name="Regiao_Administrativa"><enttyp><enttypl Sync="TRUE">Regiao_Administrativa</enttypl><enttypt Sync="TRUE">Feature Class</enttypt><enttypc Sync="TRUE">0</enttypc></enttyp><attr><attrlabl Sync="TRUE">OBJECTID_1</attrlabl><attalias Sync="TRUE">OBJECTID_1</attalias><attrtype Sync="TRUE">OID</attrtype><attwidth Sync="TRUE">4</attwidth><atprecis Sync="TRUE">0</atprecis><attscale Sync="TRUE">0</attscale><attrdef Sync="TRUE">Internal feature number.</attrdef><attrdefs Sync="TRUE">Esri</attrdefs><attrdomv><udom Sync="TRUE">Sequential unique whole numbers that are automatically generated.</udom></attrdomv></attr><attr><attrlabl Sync="TRUE">OBJECTID</attrlabl><attalias Sync="TRUE">OBJECTID</attalias><attrtype Sync="TRUE">Integer</attrtype><attwidth Sync="TRUE">4</attwidth><atprecis Sync="TRUE">0</atprecis><attscale Sync="TRUE">0</attscale><attrdef Sync="TRUE">Internal feature number.</attrdef><attrdefs Sync="TRUE">Esri</attrdefs><attrdomv><udom Sync="TRUE">Sequential unique whole numbers that are automatically generated.</udom></attrdomv></attr><attr><attrlabl Sync="TRUE">SHAPE</attrlabl><attalias Sync="TRUE">Shape</attalias><attrtype Sync="TRUE">Geometry</attrtype><attwidth Sync="TRUE">0</attwidth><atprecis Sync="TRUE">0</atprecis><attscale Sync="TRUE">0</attscale><attrdef Sync="TRUE">Feature geometry.</attrdef><attrdefs Sync="TRUE">Esri</attrdefs><attrdomv><udom Sync="TRUE">Coordinates defining the features.</udom></attrdomv></attr><attr><attrlabl Sync="TRUE">NM_MUNICIP</attrlabl><attalias Sync="TRUE">NM_MUNICIP</attalias><attrtype Sync="TRUE">String</attrtype><attwidth Sync="TRUE">72</attwidth><atprecis Sync="TRUE">0</atprecis><attscale Sync="TRUE">0</attscale></attr><attr><attrlabl Sync="TRUE">CD_GEOCODM</attrlabl><attalias Sync="TRUE">CD_GEOCODM</attalias><attrtype Sync="TRUE">String</attrtype><attwidth Sync="TRUE">20</attwidth><atprecis Sync="TRUE">0</atprecis><attscale Sync="TRUE">0</attscale></attr><attr><attrlabl Sync="TRUE">NM_MESO</attrlabl><attalias Sync="TRUE">NM_MESO</attalias><attrtype Sync="TRUE">String</attrtype><attwidth Sync="TRUE">100</attwidth><atprecis Sync="TRUE">0</atprecis><attscale Sync="TRUE">0</attscale></attr><attr><attrlabl Sync="TRUE">NM_MICRO</attrlabl><attalias Sync="TRUE">NM_MICRO</attalias><attrtype Sync="TRUE">String</attrtype><attwidth Sync="TRUE">100</attwidth><atprecis Sync="TRUE">0</atprecis><attscale Sync="TRUE">0</attscale></attr><attr><attrlabl Sync="TRUE">COD_MUN</attrlabl><attalias Sync="TRUE">COD_MUN</attalias><attrtype Sync="TRUE">String</attrtype><attwidth Sync="TRUE">6</attwidth><atprecis Sync="TRUE">0</atprecis><attscale Sync="TRUE">0</attscale></attr><attr><attrlabl Sync="TRUE">SHAPE_Leng</attrlabl><attalias Sync="TRUE">SHAPE_Leng</attalias><attrtype Sync="TRUE">Double</attrtype><attwidth Sync="TRUE">8</attwidth><atprecis Sync="TRUE">0</atprecis><attscale Sync="TRUE">0</attscale></attr><attr><attrlabl Sync="TRUE">MAIS_10SM</attrlabl><attalias Sync="TRUE">MAIS_10SM</attalias><attrtype Sync="TRUE">Integer</attrtype><attwidth Sync="TRUE">4</attwidth><atprecis Sync="TRUE">0</atprecis><attscale Sync="TRUE">0</attscale></attr><attr><attrlabl Sync="TRUE">MENOS_1SM</attrlabl><attalias Sync="TRUE">MENOS_1SM</attalias><attrtype Sync="TRUE">Integer</attrtype><attwidth Sync="TRUE">4</attwidth><atprecis Sync="TRUE">0</atprecis><attscale Sync="TRUE">0</attscale></attr><attr><attrlabl Sync="TRUE">DE_1_2SM</attrlabl><attalias Sync="TRUE">DE_1_2SM</attalias><attrtype Sync="TRUE">Integer</attrtype><attwidth Sync="TRUE">4</attwidth><atprecis Sync="TRUE">0</atprecis><attscale Sync="TRUE">0</attscale></attr><attr><attrlabl Sync="TRUE">REGIONAL</attrlabl><attalias Sync="TRUE">REGIONAL</attalias><attrtype Sync="TRUE">String</attrtype><attwidth Sync="TRUE">10</attwidth><atprecis Sync="TRUE">0</atprecis><attscale Sync="TRUE">0</attscale></attr><attr><attrlabl Sync="TRUE">Dias_Fal</attrlabl><attalias Sync="TRUE">Dias_Fal</attalias><attrtype Sync="TRUE">SmallInteger</attrtype><attwidth Sync="TRUE">2</attwidth><atprecis Sync="TRUE">0</atprecis><attscale Sync="TRUE">0</attscale></attr><attr><attrlabl Sync="TRUE">Z_Oeste</attrlabl><attalias Sync="TRUE">Z_Oeste</attalias><attrtype Sync="TRUE">SmallInteger</attrtype><attwidth Sync="TRUE">2</attwidth><atprecis Sync="TRUE">0</atprecis><attscale Sync="TRUE">0</attscale></attr><attr><attrlabl Sync="TRUE">Z_Norte</attrlabl><attalias Sync="TRUE">Z_Norte</attalias><attrtype Sync="TRUE">SmallInteger</attrtype><attwidth Sync="TRUE">2</attwidth><atprecis Sync="TRUE">0</atprecis><attscale Sync="TRUE">0</attscale></attr><attr><attrlabl Sync="TRUE">Z_Sul</attrlabl><attalias Sync="TRUE">Z_Sul</attalias><attrtype Sync="TRUE">SmallInteger</attrtype><attwidth Sync="TRUE">2</attwidth><atprecis Sync="TRUE">0</atprecis><attscale Sync="TRUE">0</attscale></attr><attr><attrlabl Sync="TRUE">Z_Leste</attrlabl><attalias Sync="TRUE">Z_Leste</attalias><attrtype Sync="TRUE">SmallInteger</attrtype><attwidth Sync="TRUE">2</attwidth><atprecis Sync="TRUE">0</atprecis><attscale Sync="TRUE">0</attscale></attr><attr><attrlabl Sync="TRUE">Centro</attrlabl><attalias Sync="TRUE">Centro</attalias><attrtype Sync="TRUE">SmallInteger</attrtype><attwidth Sync="TRUE">2</attwidth><atprecis Sync="TRUE">0</atprecis><attscale Sync="TRUE">0</attscale></attr><attr><attrlabl Sync="TRUE">DE_2_3</attrlabl><attalias Sync="TRUE">DE_2_3</attalias><attrtype Sync="TRUE">Integer</attrtype><attwidth Sync="TRUE">4</attwidth><atprecis Sync="TRUE">0</atprecis><attscale Sync="TRUE">0</attscale></attr><attr><attrlabl Sync="TRUE">DE_3_5SM</attrlabl><attalias Sync="TRUE">DE_3_5SM</attalias><attrtype Sync="TRUE">Integer</attrtype><attwidth Sync="TRUE">4</attwidth><atprecis Sync="TRUE">0</atprecis><attscale Sync="TRUE">0</attscale></attr><attr><attrlabl Sync="TRUE">DE_5_10SM</attrlabl><attalias Sync="TRUE">DE_5_10SM</attalias><attrtype Sync="TRUE">Integer</attrtype><attwidth Sync="TRUE">4</attwidth><atprecis Sync="TRUE">0</atprecis><attscale Sync="TRUE">0</attscale></attr><attr><attrlabl Sync="TRUE">UBS</attrlabl><attalias Sync="TRUE">UBS</attalias><attrtype Sync="TRUE">SmallInteger</attrtype><attwidth Sync="TRUE">2</attwidth><atprecis Sync="TRUE">0</atprecis><attscale Sync="TRUE">0</attscale></attr><attr><attrlabl Sync="TRUE">HOSP</attrlabl><attalias Sync="TRUE">HOSP</attalias><attrtype Sync="TRUE">SmallInteger</attrtype><attwidth Sync="TRUE">2</attwidth><atprecis Sync="TRUE">0</atprecis><attscale Sync="TRUE">0</attscale></attr><attr><attrlabl Sync="TRUE">SHAPE_Length</attrlabl><attalias Sync="TRUE">Shape_Length</attalias><attrtype Sync="TRUE">Double</attrtype><attwidth Sync="TRUE">8</attwidth><atprecis Sync="TRUE">0</atprecis><attscale Sync="TRUE">0</attscale><attrdef Sync="TRUE">Length of feature in internal units.</attrdef><attrdefs Sync="TRUE">Esri</attrdefs><attrdomv><udom Sync="TRUE">Positive real numbers that are automatically generated.</udom></attrdomv></attr><attr><attrlabl Sync="TRUE">SHAPE_Area</attrlabl><attalias Sync="TRUE">Shape_Area</attalias><attrtype Sync="TRUE">Double</attrtype><attwidth Sync="TRUE">8</attwidth><atprecis Sync="TRUE">0</atprecis><attscale Sync="TRUE">0</attscale><attrdef Sync="TRUE">Area of feature in internal units squared.</attrdef><attrdefs Sync="TRUE">Esri</attrdefs><attrdomv><udom Sync="TRUE">Positive real numbers that are automatically generated.</udom></attrdomv></attr></detailed></eainfo><mdDateSt Sync="TRUE">20140905</mdDateSt></metadata>
